company,year,revenue,expenses,profit,assets,liabilities,cash_flow
ABC Corp,2021,9500000,7800000,1700000,15000000,6000000,1500000
ABC Corp,2022,10200000,8300000,1900000,16200000,6400000,1750000
ABC Corp,2023,11000000,9000000,2000000,17500000,6900000,1900000
ABC Corp,2024,12400000,10800000,1600000,18300000,7700000,1450000
ABC Corp,2025,13100000,11400000,1700000,19100000,8000000,1600000
XYZ Industries,2021,7200000,6100000,1100000,11000000,5200000,980000
XYZ Industries,2022,7800000,6500000,1300000,11800000,5500000,1050000
XYZ Industries,2023,8600000,7200000,1400000,12700000,5900000,1150000
XYZ Industries,2024,9300000,7800000,1500000,13600000,6200000,1250000
XYZ Industries,2025,9900000,8600000,1300000,14200000,6600000,1180000
Nova Retail,2021,4800000,4200000,600000,7000000,3800000,420000
Nova Retail,2022,5300000,4600000,700000,7600000,4000000,470000
Nova Retail,2023,5900000,5100000,800000,8300000,4300000,520000
Nova Retail,2024,6400000,5700000,700000,8900000,4700000,480000
Nova Retail,2025,6900000,6200000,700000,9500000,5000000,500000
Summit Logistics,2021,15200000,12900000,2300000,22000000,10500000,2100000
Summit Logistics,2022,16400000,13800000,2600000,23600000,11100000,2350000
Summit Logistics,2023,17800000,14900000,2900000,25400000,11900000,2600000
Summit Logistics,2024,19100000,16300000,2800000,27100000,12800000,2500000
Summit Logistics,2025,20300000,17600000,2700000,28700000,13600000,2450000
Delta Manufacturing,2021,11000000,9500000,1500000,17800000,8200000,1300000
Delta Manufacturing,2022,11800000,10100000,1700000,18900000,8700000,1450000
Delta Manufacturing,2023,12700000,10900000,1800000,20100000,9300000,1550000
Delta Manufacturing,2024,13500000,11800000,1700000,21300000,9900000,1500000
Delta Manufacturing,2025,14200000,12600000,1600000,22400000,10500000,1420000
